name_TLP_TRY30_resolved,,,,,,,,,
Avicennia germinans,,,,,,,,,
Ruellia humilis,,,,,,,,,
Lindackeria laurina,,,,,,,,,
Acorus calamus,,,,,,,,,
Saurauia tristyla,,,,,,,,,
Viburnum lantana,,,,,,,,,
Viburnum opulus,,,,,,,,,
Sambucus nigra,,,,,,,,,
Sambucus canadensis,,,,,,,,,
Adoxa moschatellina,,,,,,,,,
Alisma gramineum,,,,,,,,,
Liquidambar styraciflua,,,,,,,,,
Liquidambar formosana,,,,,,,,,
Salicornia europaea,,,,,,,,,
Suaeda maritima,,,,,,,,,
Salsola kali,,,,,,,,,
Atriplex canescens,,,,,,,,,
Bassia prostrata,,,,,,,,,
Atriplex littoralis,,,,,,,,,
Ceratocarpus arenarius,,,,,,,,,
Alternanthera pungens,,,,,,,,,
Chenopodium gracilispicum,,,,,,,,,
Atriplex centralasiatica,,,,,,,,,
Chenopodium glaucum,,,,,,,,,
Amaranthus deflexus,,,,,,,,,
Salsola kaliruthenica,,,,,,,,,
Chenopodium bonus-henricus,,,,,,,,,
Amaranthus retroflexus,,,,,,,,,
Gomphrena pulchella,,,,,,,,,
Amaranthus powelliibouchonii,,,,,,,,,
Chenopodium fremontii,,,,,,,,,
Chenopodium album,,,,,,,,,
Amaranthus hybridus,,,,,,,,,
Bassia scoparia,,,,,,,,,
Leucojum vernum,,,,,,,,,
Nothoscordum gracile,,,,,,,,,
Allium senescens,,,,,,,,,
Allium ericetorum,,,,,,,,,
Narcissus pseudonarcissus,,,,,,,,,
Allium ursinum,,,,,,,,,
Allium sphaerocephalon,,,,,,,,,
Allium carinatum,,,,,,,,,
Narcissus poeticus,,,,,,,,,
Spondias pinnata,,,,,,,,,
Lithraea molleoides,,,,,,,,,
Schinopsis marginata,,,,,,,,,
Buchanania obovata,,,,,,,,,
Buchanania cochinchinensis,,,,,,,,,
Tapirira guianensis,,,,,,,,,
Sclerocarya birrea,,,,,,,,,
Mangifera indica,,,,,,,,,
Astronium graveolens,,,,,,,,,
Tapirira obtusa,,,,,,,,,
Spondias mombin,,,,,,,,,
Spondias radlkoferi,,,,,,,,,
Anacardium excelsum,,,,,,,,,
Pistacia lentiscus,,,,,,,,,
Pistacia terebinthus,,,,,,,,,
Rhus typhina,,,,,,,,,
Toxicodendron diversilobum,,,,,,,,,
Annona acuminata,,,,,,,,,
Xylopia aromatica,,,,,,,,,
Meiogyne cylindrocarpa,,,,,,,,,
Desmopsis panamensis,,,,,,,,,
Unonopsis rufescens,,,,,,,,,
Duguetia quitarensis,,,,,,,,,
Mosannona garwoodii,,,,,,,,,
Unonopsis perrottetii,,,,,,,,,
Xylopia frutescens,,,,,,,,,
Xylopia ligustrifolia,,,,,,,,,
Annona spraguei,,,,,,,,,
Xylopia macrantha,,,,,,,,,
Unonopsis pittieri,,,,,,,,,
Cymbopetalum baillonii,,,,,,,,,
Pseudomalmea diclina,,,,,,,,,
Rollinia pittieri,,,,,,,,,
Guatteria dumetorum,,,,,,,,,
Bupleurum baldense,,,,,,,,,
Eryngium agavifolium,,,,,,,,,
Trinia glauca,,,,,,,,,
Pseudocymopterus montanus,,,,,,,,,
Bupleurum ranunculoides,,,,,,,,,
Ligusticum mutellina,,,,,,,,,
Conopodium majus,,,,,,,,,
Orlaya grandiflora,,,,,,,,,
Eryngium campestre,,,,,,,,,
Sanicula europaea,,,,,,,,,
Eryngium horridum,,,,,,,,,
Seseli montanum,,,,,,,,,
Pimpinella saxifraga,,,,,,,,,
Apium nodiflorum,,,,,,,,,
Daucus carota,,,,,,,,,
Astrantia major,,,,,,,,,
Carum carvi,,,,,,,,,
Eryngium yuccifolium,,,,,,,,,
Laserpitium nitidum,,,,,,,,,
Peucedanum ostruthium,,,,,,,,,
Bupleurum falcatum,,,,,,,,,
Pastinaca sativa,,,,,,,,,
Laserpitium siler,,,,,,,,,
Chaerophyllum hirsutum,,,,,,,,,
Torilis arvensis,,,,,,,,,
Torilis japonica,,,,,,,,,
Peucedanum oreoselinum,,,,,,,,,
Pimpinella major,,,,,,,,,
Aegopodium podagraria,,,,,,,,,
Peucedanum cervaria,,,,,,,,,
Chaerophyllum roseum,,,,,,,,,
Tordylium maximum,,,,,,,,,
Zizia aurea,,,,,,,,,
Laserpitium latifolium,,,,,,,,,
Angelica sylvestris,,,,,,,,,
Berula erecta,,,,,,,,,
Anthriscus sylvestris,,,,,,,,,
Myrrhis odorata,,,,,,,,,
Heracleum sphondylium,,,,,,,,,
Angelica archangelica,,,,,,,,,
Conium maculatum,,,,,,,,,
Thevetia ahouai,,,,,,,,,
Aspidosperma quebracho-blanco,,,,,,,,,
Alstonia scholaris,,,,,,,,,
Tabernaemontana arborea,,,,,,,,,
Tabernaemontana donnell-smithii,,,,,,,,,
Aspidosperma album,,,,,,,,,
Lacmellea panamensis,,,,,,,,,
Geissospermum sericeum,,,,,,,,,
Aspidosperma desmanthum,,,,,,,,,
Aspidosperma spruceanum,,,,,,,,,
Nerium oleander,,,,,,,,,
Diplorhynchus condylocarpon,,,,,,,,,
Asclepias viridis,,,,,,,,,
Asclepias verticillata,,,,,,,,,
Vincetoxicum hirundinaria,,,,,,,,,
Asclepias tuberosa,,,,,,,,,
Apocynum androsaemifolium,,,,,,,,,
Asclepias syriaca,,,,,,,,,
Asclepias incarnata,,,,,,,,,
Vinca minor,,,,,,,,,
Ilex inundata,,,,,,,,,
Ilex chinensis,,,,,,,,,
Ilex mitis,,,,,,,,,
Ilex aquifolium,,,,,,,,,
Ilex opaca,,,,,,,,,
Calla palustris,,,,,,,,,
Arum maculatum,,,,,,,,,
Arisaema triphyllum,,,,,,,,,
Schefflera actinophylla,,,,,,,,,
Kalopanax septemlobus,,,,,,,,,
Cussonia spicata,,,,,,,,,
Schefflera heptaphylla,,,,,,,,,
Dendropanax arboreus,,,,,,,,,
Schefflera morototoni,,,,,,,,,
Aralia hispida,,,,,,,,,
Hydrocotyle vulgaris,,,,,,,,,
Hedera helix,,,,,,,,,
Araucaria araucana,,,,,,,,,
Oenocarpus mapora,,,,,,,,,
Iriartea deltoidea,,,,,,,,,
Asarum europaeum,,,,,,,,,
Ornithogalum collinum,,,,,,,,,
Maianthemum canadense,,,,,,,,,
Maianthemum bifolium,,,,,,,,,
Scilla bifolia,,,,,,,,,
Convallaria majalis,,,,,,,,,
Hyacinthoides non-scripta,,,,,,,,,
Aphyllanthes monspeliensis,,,,,,,,,
Echeandia flavescens,,,,,,,,,
Polygonatum odoratum,,,,,,,,,
Polygonatum multiflorum,,,,,,,,,
Anthericum ramosum,,,,,,,,,
Polygonatum verticillatum,,,,,,,,,
Athyrium microphyllum,,,,,,,,,
Athyrium wallichianum,,,,,,,,,
Impatiens noli-tangere,,,,,,,,,
Impatiens parviflora,,,,,,,,,
Impatiens balfourii,,,,,,,,,
Impatiens capensis,,,,,,,,,
Impatiens pallida,,,,,,,,,
Berberis vulgaris,,,,,,,,,
Caulophyllum thalictroides,,,,,,,,,
Betula populifolia,,,,,,,,,
Carpinus caroliniana,,,,,,,,,
Betula pendula,,,,,,,,,
Betula pubescens,,,,,,,,,
Betula papyrifera,,,,,,,,,
Carpinus cordata,,,,,,,,,
Carpinus betulus,,,,,,,,,
Alnus glutinosa,,,,,,,,,
Alnus cordata,,,,,,,,,
Betula utilis,,,,,,,,,
Betula lenta,,,,,,,,,
Alnus rhombifolia,,,,,,,,,
Betula platyphylla,,,,,,,,,
Betula nigra,,,,,,,,,
Betula alleghaniensis,,,,,,,,,
Corylus cornuta,,,,,,,,,
Corylus avellana,,,,,,,,,
Alnus incana,,,,,,,,,
Ostrya virginiana,,,,,,,,,
Spathodea campanulata,,,,,,,,,
Jacaranda obtusifolia,,,,,,,,,
Handroanthus chrysanthus,,,,,,,,,
Catalpa speciosa,,,,,,,,,
Kigelia africana,,,,,,,,,
Handroanthus impetiginosus,,,,,,,,,
Handroanthus serratifolius,,,,,,,,,
Handroanthus guayacan,,,,,,,,,
Jacaranda copaia,,,,,,,,,
Tabebuia rosea,,,,,,,,,
Chilopsis linearis,,,,,,,,,
Bixa orellana,,,,,,,,,
Blechnum fluviatile,,,,,,,,,
Blechnum chambersii,,,,,,,,,
Blechnum discolor,,,,,,,,,
Cordia caffra,,,,,,,,,
Cordia nodosa,,,,,,,,,
Cordia lasiocalyx,,,,,,,,,
Cordia panamensis,,,,,,,,,
Cordia bicolor,,,,,,,,,
Cordia alliodora,,,,,,,,,
Cordia megalantha,,,,,,,,,
Eriodictyon californicum,,,,,,,,,
Myosotis alpestris,,,,,,,,,
Nama dichotoma,,,,,,,,,
Myosotis ramosissima,,,,,,,,,
Myosotis sylvatica,,,,,,,,,
Myosotis arvensis,,,,,,,,,
Pulmonaria officinalis,,,,,,,,,
Symphytum tuberosum,,,,,,,,,
Buglossoides arvensis,,,,,,,,,
Echium plantagineum,,,,,,,,,
Myosotis scorpioides,,,,,,,,,
Cerinthe minor,,,,,,,,,
Lithospermum multiflorum,,,,,,,,,
Buglossoides purpurocaerulea,,,,,,,,,
Echium vulgare,,,,,,,,,
Matthiola incana,,,,,,,,,
Draba asprella,,,,,,,,,
Notoceras bicorne,,,,,,,,,
Draba hispida,,,,,,,,,
Thlaspi montanum,,,,,,,,,
Cardamine bellidifolia,,,,,,,,,
Teesdalia nudicaulis,,,,,,,,,
Cardamine hirsuta,,,,,,,,,
Arabidopsis thaliana,,,,,,,,,
Kernera saxatilis,,,,,,,,,
Arabis alpina,,,,,,,,,
Lepidium ruderale,,,,,,,,,
Capsella bursa-pastoris,,,,,,,,,
Biscutella laevigata,,,,,,,,,
Rapistrum rugosum,,,,,,,,,
Cardamine enneaphyllos,,,,,,,,,
Thlaspi arvense,,,,,,,,,
Lepidium densiflorum,,,,,,,,,
Thlaspi alliaceum,,,,,,,,,
Eruca vesicaria,,,,,,,,,
Arabis turrita,,,,,,,,,
Cardamine heptaphylla,,,,,,,,,
Camelina microcarpa,,,,,,,,,
Arabis hirsuta,,,,,,,,,
Lepidium virginicum,,,,,,,,,
Descurainia sophia,,,,,,,,,
Cardamine bulbifera,,,,,,,,,
Alliaria petiolata,,,,,,,,,
Berteroa incana,,,,,,,,,
Nasturtium officinale,,,,,,,,,
Hesperis matronalis,,,,,,,,,
Bunias orientalis,,,,,,,,,
Brassica oleracea,,,,,,,,,
Turritis glabra,,,,,,,,,
Lepidium latifolium,,,,,,,,,
Bromelia urbaniana,,,,,,,,,
Tillandsia duratii,,,,,,,,,
Protium heptaphyllum,,,,,,,,,
Protium panamense,,,,,,,,,
Protium tenuifolium,,,,,,,,,
Bursera simaruba,,,,,,,,,
Canarium denticulatum,,,,,,,,,
Tetragastris panamensis,,,,,,,,,
Trattinnickia aspera,,,,,,,,,
Buxus sempervirens,,,,,,,,,
Opuntia sulphurea,,,,,,,,,
Marila laxiflora,,,,,,,,,
Physoplexis comosa,,,,,,,,,
Phyteuma hemisphaericum,,,,,,,,,
Lobelia dortmanna,,,,,,,,,
Campanula scheuchzeri,,,,,,,,,
Legousia speculum-veneris,,,,,,,,,
Jasione montana,,,,,,,,,
Campanula barbata,,,,,,,,,
Phyteuma scheuchzeri,,,,,,,,,
Campanula rotundifolia,,,,,,,,,
Phyteuma betonicifolium,,,,,,,,,
Campanula sibirica,,,,,,,,,
Campanula glomerata,,,,,,,,,
Phyteuma orbiculare,,,,,,,,,
Campanula spicata,,,,,,,,,
Phyteuma ovatum,,,,,,,,,
Phyteuma spicatum,,,,,,,,,
Campanula rapunculus,,,,,,,,,
Campanula persicifolia,,,,,,,,,
Campanula trachelium,,,,,,,,,
Celtis iguanaea,,,,,,,,,
Celtis occidentalis,,,,,,,,,
Gironniera subaequalis,,,,,,,,,
Celtis australis,,,,,,,,,
Celtis africana,,,,,,,,,
Trema orientalis,,,,,,,,,
Trema micrantha,,,,,,,,,
Celtis pallida,,,,,,,,,
Cannabis sativa,,,,,,,,,
Capparis baducca,,,,,,,,,
Capparidastrum frondosum,,,,,,,,,
Atamisquea emarginata,,,,,,,,,
Symphoricarpos mollis,,,,,,,,,
Symphoricarpos albus,,,,,,,,,
Linnaea borealis,,,,,,,,,
Valerianella locusta,,,,,,,,,
Valeriana dioica,,,,,,,,,
Valerianella rimosa,,,,,,,,,
Succisa pratensis,,,,,,,,,
Knautia velutina,,,,,,,,,
Knautia transalpina,,,,,,,,,
Knautia arvensis,,,,,,,,,
Knautia drymeia,,,,,,,,,
Scabiosa atropurpurea,,,,,,,,,
Lomelosia caucasica,,,,,,,,,
Valeriana officinalis,,,,,,,,,
Dipsacus fullonum,,,,,,,,,
Lonicera etrusca,,,,,,,,,
Lonicera implexa,,,,,,,,,
Lonicera hispidula,,,,,,,,,
Lonicera periclymenum,,,,,,,,,
Lonicera caprifolium,,,,,,,,,
Jacaratia digitata,,,,,,,,,
Caryocar glabrum,,,,,,,,,
Honckenya peploides,,,,,,,,,
Arenaria aggregata,,,,,,,,,
Drymaria leptophylla,,,,,,,,,
Silene acaulis,,,,,,,,,
Sagina procumbens,,,,,,,,,
Spergularia diandra,,,,,,,,,
Cerastium cerastoides,,,,,,,,,
Cerastium pumilum,,,,,,,,,
Eremogone fendleri,,,,,,,,,
Cerastium semidecandrum,,,,,,,,,
Minuartia verna,,,,,,,,,
Cerastium arvense,,,,,,,,,
Scleranthus annuus,,,,,,,,,
Arenaria serpyllifolia,,,,,,,,,
Dianthus sylvestris,,,,,,,,,
Spergularia rubra,,,,,,,,,
Herniaria glabra,,,,,,,,,
Silene rupestris,,,,,,,,,
Arenaria lanuginosa,,,,,,,,,
Stellaria pallida,,,,,,,,,
Stellaria media,,,,,,,,,
Moehringia trinervia,,,,,,,,,
Cerastium fontanum,,,,,,,,,
Cerastium glomeratum,,,,,,,,,
Saponaria ocymoides,,,,,,,,,
Cerastium fontanumvulgare,,,,,,,,,
Dianthus chinensis,,,,,,,,,
Stellaria holostea,,,,,,,,,
Cerastium purpurascens,,,,,,,,,
Silene otites,,,,,,,,,
Silene gallica,,,,,,,,,
Spergula arvensis,,,,,,,,,
Petrorhagia prolifera,,,,,,,,,
Dianthus seguieri,,,,,,,,,
Stellaria graminea,,,,,,,,,
Silene viscaria,,,,,,,,,
Silene nutans,,,,,,,,,
Silene vulgaris,,,,,,,,,
Silene italica,,,,,,,,,
Stellaria nemorum,,,,,,,,,
Dianthus armeria,,,,,,,,,
Stellaria neglecta,,,,,,,,,
Silene flos-cuculi,,,,,,,,,
Saponaria officinalis,,,,,,,,,
Silene dioica,,,,,,,,,
Agrostemma githago,,,,,,,,,
Casuarina equisetifolia,,,,,,,,,
Maytenus boaria,,,,,,,,,
Euonymus europaeus,,,,,,,,,
Gymnosporia heterophylla,,,,,,,,,
Parnassia palustris,,,,,,,,,
Bhesa paniculata,,,,,,,,,
Ceratophyllum demersum,,,,,,,,,
Hirtella americana,,,,,,,,,
Hirtella triandra,,,,,,,,,
Licania alba,,,,,,,,,
Licania hypoleuca,,,,,,,,,
Couepia polyandra,,,,,,,,,
Licania heteromorpha,,,,,,,,,
Licania platypus,,,,,,,,,
Licania majuscula,,,,,,,,,
Parinari campestris,,,,,,,,,
Parinari excelsa,,,,,,,,,
Hirtella racemosa,,,,,,,,,
Cibotium menziesii,,,,,,,,,
Cibotium glaucum x menziesii,,,,,,,,,
Cibotium glaucum,,,,,,,,,
Fumana thymifolia,,,,,,,,,
Helianthemum nummularium,,,,,,,,,
Helianthemum apenninum,,,,,,,,,
Helianthemum oelandicum subsp. incanum,,,,,,,,,
Helianthemum oelandicum,,,,,,,,,
Tovomitopsis membranacea,,,,,,,,,
Garcinia oblongifolia,,,,,,,,,
Garcinia brasiliensis,,,,,,,,,
Garcinia madruno,,,,,,,,,
Garcinia intermedia,,,,,,,,,
Calophyllum polyanthum,,,,,,,,,
Calophyllum brasiliense,,,,,,,,,
Symphonia globulifera,,,,,,,,,
Garcinia macrophylla,,,,,,,,,
Calophyllum longifolium,,,,,,,,,
Chrysochlamys eclipes,,,,,,,,,
Uvularia grandiflora,,,,,,,,,
Anogeissus leiocarpa,,,,,,,,,
Combretum glutinosum,,,,,,,,,
Terminalia macroptera,,,,,,,,,
Terminalia glaucescens,,,,,,,,,
Combretum apiculatum,,,,,,,,,
Combretum adenogonium,,,,,,,,,
Terminalia chebula,,,,,,,,,
Buchenavia grandis,,,,,,,,,
Terminalia catappa,,,,,,,,,
Pteleopsis myrtifolia,,,,,,,,,
Terminalia alata,,,,,,,,,
Terminalia bellirica,,,,,,,,,
Terminalia amazonia,,,,,,,,,
Terminalia oblonga,,,,,,,,,
Terminalia sericea,,,,,,,,,
Tradescantia ohiensis,,,,,,,,,
Piptocoma discolor,,,,,,,,,
Ambrosia dumosa,,,,,,,,,
Senecio inaequidens,,,,,,,,,
Ericameria nauseosa var. nauseosa,,,,,,,,,
Ambrosia salsola,,,,,,,,,
Artemisia californica,,,,,,,,,
Baccharis pilularis,,,,,,,,,
Gaillardia pinnatifida,,,,,,,,,
Chaetopappa ericoides,,,,,,,,,
Agoseris glauca,,,,,,,,,
Gutierrezia sarothrae,,,,,,,,,
Heliomeris multiflora,,,,,,,,,
Artemisia ludoviciana,,,,,,,,,
Senecio eremophilus,,,,,,,,,
Artemisia absinthium,,,,,,,,,
Symphyotrichum puniceum,,,,,,,,,
Antennaria rosulata,,,,,,,,,
Antennaria parvifolia,,,,,,,,,
Townsendia exscapa,,,,,,,,,
Pilosella portae,,,,,,,,,
Senecio actinella,,,,,,,,,
Hieracium fendleri,,,,,,,,,
Leontodon taraxacoides,,,,,,,,,
Achillea leptophylla,,,,,,,,,
Gnaphalium supinum,,,,,,,,,
Erigeron uniflorus,,,,,,,,,
Bellis perennis,,,,,,,,,
Leucanthemopsis alpina,,,,,,,,,
Aster alpinus,,,,,,,,,
Taraxacum stevenii,,,,,,,,,
Jacobaea incana,,,,,,,,,
Cirsium acaule,,,,,,,,,
Symphyotrichum ascendens,,,,,,,,,
Homogyne alpina,,,,,,,,,
Aposeris foetida,,,,,,,,,
Erigeron formosissimus,,,,,,,,,
Erigeron flagellaris,,,,,,,,,
Pilosella officinarum,,,,,,,,,
Silphium terebinthinaceum,,,,,,,,,
Antennaria dioica,,,,,,,,,
Erigeron alpinus,,,,,,,,,
Scorzoneroides helvetica,,,,,,,,,
Hieracium intybaceum,,,,,,,,,
Bellidastrum michelii,,,,,,,,,
Packera multilobata,,,,,,,,,
Erigeron divergens,,,,,,,,,
Scorzoneroides autumnalis,,,,,,,,,
Carlina acaulis,,,,,,,,,
Anthemis marschalliana,,,,,,,,,
Saussurea alpina,,,,,,,,,
Crepis foetida,,,,,,,,,
Scorzonera austriaca,,,,,,,,,
Pilosella lactucella,,,,,,,,,
Bidens andicola var. andicola,,,,,,,,,
Taraxacum campylodes,,,,,,,,,
Hymenopappus mexicanus,,,,,,,,,
Helichrysum arenarium,,,,,,,,,
Inula montana,,,,,,,,,
Pseudognaphalium macounii,,,,,,,,,
Senecio doronicum,,,,,,,,,
Laphangium luteoalbum,,,,,,,,,
Anthemis arvensis,,,,,,,,,
Crepis tectorum,,,,,,,,,
Hymenoxys richardsonii,,,,,,,,,
Machaeranthera gracilis,,,,,,,,,
Solidago nana,,,,,,,,,
Tolpis staticifolia,,,,,,,,,
Cyanus triumfettii,,,,,,,,,
Centaurea rhaetica,,,,,,,,,
Centaurea pectinata,,,,,,,,,
Leontodon hispidus,,,,,,,,,
Hypochaeris radicata,,,,,,,,,
Hieracium racemosum,,,,,,,,,
Tripleurospermum maritimum,,,,,,,,,
Galatella linosyris,,,,,,,,,
Tanacetum parthenium,,,,,,,,,
Pilosella piloselloides,,,,,,,,,
Anthemis cretica,,,,,,,,,
Crepis froelichiana,,,,,,,,,
Artemisia carruthii,,,,,,,,,
Inula hirta,,,,,,,,,
Hypochoeris argentina,,,,,,,,,
Aster amellus,,,,,,,,,
Centaurea diffusa,,,,,,,,,
Tussilago farfara,,,,,,,,,
Senecio vulgaris,,,,,,,,,
Helianthus hirsutus,,,,,,,,,
Carlina vulgaris,,,,,,,,,
Crepis capillaris,,,,,,,,,
Arnica montana,,,,,,,,,
Tripolium pannonicumtripolium,,,,,,,,,
Cosmos parviflorus,,,,,,,,,
Achillea millefolium,,,,,,,,,
Gnaphalium sylvaticum,,,,,,,,,
Heteropappus altaicus,,,,,,,,,
Hieracium porrifolium,,,,,,,,,
Erigeron speciosus,,,,,,,,,
Erigeron acer,,,,,,,,,
Ambrosia tenuifolia,,,,,,,,,
Solidago velutina,,,,,,,,,
Erigeron karvinskianus,,,,,,,,,
Telekia speciosissima,,,,,,,,,
Leucanthemum vulgare,,,,,,,,,
Helianthella quinquenervis,,,,,,,,,
Machaeranthera canescens,,,,,,,,,
Erigeron canadensis,,,,,,,,,
Leucanthemum ircutianum,,,,,,,,,
Inula britannica,,,,,,,,,
Hieracium lachenaliiacuminatum,,,,,,,,,
Crepis pyrenaica,,,,,,,,,
Buphthalmum salicifolium,,,,,,,,,
Cota tinctoria,,,,,,,,,
Symphyotrichum falcatum,,,,,,,,,
Cheirolophus sempervirens,,,,,,,,,
Coreopsis tinctoria,,,,,,,,,
Anthemis cotula,,,,,,,,,
Laennecia schiedeana,,,,,,,,,
Serratula tinctoria,,,,,,,,,
Coreopsis palmata,,,,,,,,,
Picris hieracioides,,,,,,,,,
Catananche caerulea,,,,,,,,,
Carduus defloratus,,,,,,,,,
Crepis vesicaria,,,,,,,,,
Hieracium umbellatum,,,,,,,,,
Cirsium dissectum,,,,,,,,,
Tragopogon pratensis,,,,,,,,,
Chondrilla juncea,,,,,,,,,
Centaurea jacea,,,,,,,,,
Cyanus segetum,,,,,,,,,
Tragopogon dubius,,,,,,,,,
Solidago nemoralis,,,,,,,,,
Inula conyza,,,,,,,,,
Sonchus asper,,,,,,,,,
Centaurea nigra,,,,,,,,,
Artemisia campestris,,,,,,,,,
Galinsoga quadriradiata,,,,,,,,,
Lactuca tatarica,,,,,,,,,
Echinops ritro,,,,,,,,,
Liatris cylindracea,,,,,,,,,
Karelinia caspia,,,,,,,,,
Centaurea aspera,,,,,,,,,
Bidens tripartita,,,,,,,,,
Lactuca muralis,,,,,,,,,
Solidago virgaurea,,,,,,,,,
Leucanthemum heterophyllum,,,,,,,,,
Adenostyles alpina,,,,,,,,,
Ambrosia psilostachya,,,,,,,,,
Bidens frondosa,,,,,,,,,
Cirsium wheeleri,,,,,,,,,
Jacobaea vulgaris,,,,,,,,,
Hieracium laevigatum,,,,,,,,,
Crepis paludosa,,,,,,,,,
Lapsana communis,,,,,,,,,
Centaurea nigrescens,,,,,,,,,
Hieracium prenanthoides,,,,,,,,,
Eupatorium cannabinum,,,,,,,,,
Erigeron strigosus,,,,,,,,,
Amauriopsis dissecta,,,,,,,,,
Cirsium pannonicum,,,,,,,,,
Hymenoxys hoopesii,,,,,,,,,
Carduus nutans,,,,,,,,,
Anaphalis margaritacea,,,,,,,,,
Tanacetum corymbosum,,,,,,,,,
Cirsium arvense,,,,,,,,,
Crepis biennis,,,,,,,,,
Heterotheca villosa,,,,,,,,,
Cichorium intybus,,,,,,,,,
Cirsium heterophyllum,,,,,,,,,
Centaurea scabiosa,,,,,,,,,
Lactuca alpina,,,,,,,,,
Ambrosia artemisiifolia,,,,,,,,,
Silphium laciniatum,,,,,,,,,
Tanacetum vulgare,,,,,,,,,
Arctium minus,,,,,,,,,
Euthamia graminifolia,,,,,,,,,
Erigeron annuus,,,,,,,,,
Carduus acanthoides,,,,,,,,,
Arnoglossum plantagineum,,,,,,,,,
Artemisia dracunculus,,,,,,,,,
Prenanthes purpurea,,,,,,,,,
Sonchus oleraceus,,,,,,,,,
Solidago rugosa,,,,,,,,,
Cirsium palustre,,,,,,,,,
Solidago canadensis,,,,,,,,,
Hieracium sabaudum,,,,,,,,,
Cirsium oleraceum,,,,,,,,,
Symphyotrichum pilosum,,,,,,,,,
Symphyotrichum novae-angliae,,,,,,,,,
Ageratina liebmannii,,,,,,,,,
Symphyotrichum ericoides,,,,,,,,,
Ratibida pinnata,,,,,,,,,
Tragopogon porrifolius,,,,,,,,,
Cirsium vulgare,,,,,,,,,
Doellingeria umbellata,,,,,,,,,
Symphyotrichum laeve,,,,,,,,,
Eupatorium perfoliatum,,,,,,,,,
Lactuca serriola,,,,,,,,,
Senecio ovatus,,,,,,,,,
Taraxacum confusum,,,,,,,,,
Ambrosia trifida,,,,,,,,,
Eupatorium maculatum,,,,,,,,,
Solidago gigantea,,,,,,,,,
Miyamayomena simplex,,,,,,,,,
Solidago rigida,,,,,,,,,
Senecio nemorensis,,,,,,,,,
Liatris aspera,,,,,,,,,
Xanthium strumarium,,,,,,,,,
Heliopsis helianthoides,,,,,,,,,
Symphyotrichum lanceolatum,,,,,,,,,
Arctium lappa,,,,,,,,,
Artemisia vulgaris,,,,,,,,,
Helianthus tuberosus,,,,,,,,,
Helianthus annuus,,,,,,,,,
Calystegia soldanella,,,,,,,,,
Convolvulus arvensis,,,,,,,,,
Calystegia sepium,,,,,,,,,
Calystegia silvatica,,,,,,,,,
Alangium chinense,,,,,,,,,
Nyssa sylvatica,,,,,,,,,
Cornus sanguinea,,,,,,,,,
Cornus sericea,,,,,,,,,
Griselinia littoralis,,,,,,,,,
Cornus florida,,,,,,,,,
Cornus glabrata,,,,,,,,,
Cornus suecica,,,,,,,,,
Sedum tenellum,,,,,,,,,
Sedum acre,,,,,,,,,
Sedum album,,,,,,,,,
Umbilicus rupestris,,,,,,,,,
Sedum roseum,,,,,,,,,
Sempervivum tectorum,,,,,,,,,
Sedum telephium,,,,,,,,,
Leiospermum racemosum,,,,,,,,,
Platycladus orientalis,,,,,,,,,
Callitris columellaris,,,,,,,,,
Thuja occidentalis,,,,,,,,,
Austrocedrus chilensis,,,,,,,,,
Juniperus virginiana,,,,,,,,,
Cunninghamia lanceolata,,,,,,,,,
Cupressus sempervirens,,,,,,,,,
Taxodium distichum,,,,,,,,,
Cryptomeria japonica,,,,,,,,,
Fitzroya cupressoides,,,,,,,,,
Sequoiadendron giganteum,,,,,,,,,
Sequoia sempervirens,,,,,,,,,
Juniperus communis,,,,,,,,,
Juniperus phoenicea,,,,,,,,,
Juniperus oxycedrus,,,,,,,,,
Juniperus monosperma,,,,,,,,,
Juniperus deppeana,,,,,,,,,
Carex fuscula,,,,,,,,,
Carex humilis,,,,,,,,,
Carex geophila,,,,,,,,,
Carex curvula,,,,,,,,,
Carex atrofusca,,,,,,,,,
Carex caryophyllea,,,,,,,,,
Carex bigelowii,,,,,,,,,
Carex alba,,,,,,,,,
Blysmus rufus,,,,,,,,,
Carex nigra,,,,,,,,,
Carex halleriana,,,,,,,,,
Carex saxatilis,,,,,,,,,
Carex montana,,,,,,,,,
Carex pilulifera,,,,,,,,,
Carex flava,,,,,,,,,
Carex digitata,,,,,,,,,
Carex sempervirens,,,,,,,,,
Carex atrata,,,,,,,,,
Carex arenaria,,,,,,,,,
Blysmus compressus,,,,,,,,,
Carex meadii,,,,,,,,,
Carex flacca,,,,,,,,,
Carex hirta,,,,,,,,,
Rhynchospora alba,,,,,,,,,
Carex panicea,,,,,,,,,
Eriophorum angustifolium,,,,,,,,,
Schoenus nigricans,,,,,,,,,
Carex umbrosa,,,,,,,,,
Eleocharis palustris,,,,,,,,,
Carex vulpinoidea,,,,,,,,,
Carex canescens,,,,,,,,,
Eriophorum vaginatum,,,,,,,,,
Carex remota,,,,,,,,,
Carex sylvatica,,,,,,,,,
Carex rostrata,,,,,,,,,
Carex pallescens,,,,,,,,,
Carex brizoides,,,,,,,,,
Carex binervis,,,,,,,,,
Carex vaginata,,,,,,,,,
Carex lasiocarpa,,,,,,,,,
Carex vesicaria,,,,,,,,,
Carex paniculata,,,,,,,,,
Carex acutiformis,,,,,,,,,
Carex elata,,,,,,,,,
Carex acuta,,,,,,,,,
Carex aquatilis,,,,,,,,,
Carex riparia,,,,,,,,,
Scirpus microcarpus,,,,,,,,,
Cladium mariscus,,,,,,,,,
Schoenoplectus lacustris,,,,,,,,,
Daphniphyllum pentandrum,,,,,,,,,
Diapensia lapponica,,,,,,,,,
Tapura guianensis,,,,,,,,,
Dillenia indica,,,,,,,,,
Curatella americana,,,,,,,,,
Doliocarpus dentatus,,,,,,,,,
Dioscorea oppositifolia,,,,,,,,,
Dryobalanops lanceolata,,,,,,,,,
Shorea macroptera,,,,,,,,,
Shorea smithiana,,,,,,,,,
Shorea leprosula,,,,,,,,,
Shorea parvifolia,,,,,,,,,
Shorea gibbosa,,,,,,,,,
Parashorea malaanonan,,,,,,,,,
Dipterocarpus grandiflorus,,,,,,,,,
Drosera rotundifolia,,,,,,,,,
Elaphoglossum gayanum,,,,,,,,,
Elaphoglossum alatum,,,,,,,,,
Diospyros artanthifolia,,,,,,,,,
Euclea divinorum,,,,,,,,,
Elaeagnus rhamnoides,,,,,,,,,
Elaeagnus angustifolia,,,,,,,,,
Elaeocarpus sylvestris,,,,,,,,,
Sloanea guianensis,,,,,,,,,
Sloanea terniflora,,,,,,,,,
Aristotelia serrata,,,,,,,,,
Equisetum sylvaticum,,,,,,,,,
Equisetum palustre,,,,,,,,,
Equisetum arvense,,,,,,,,,
Equisetum fluviatile,,,,,,,,,
Arbutus unedo,,,,,,,,,
Arbutus menziesii,,,,,,,,,
Rhododendron maximum,,,,,,,,,
Kalmia latifolia,,,,,,,,,
Oxydendrum arboreum,,,,,,,,,
Vaccinium vitis-idaea,,,,,,,,,
Vaccinium myrtillus,,,,,,,,,
Erica tetralix,,,,,,,,,
Calluna vulgaris,,,,,,,,,
Dracophyllum longifolium,,,,,,,,,
Arctostaphylos tomentosa,,,,,,,,,
Orthilia secunda,,,,,,,,,
Andromeda polifolia,,,,,,,,,
Moneses uniflora,,,,,,,,,
Pyrola minor,,,,,,,,,
Erica herbacea,,,,,,,,,
Erythroxylum panamense,,,,,,,,,
Mallotus philippensis,,,,,,,,,
Endospermum diadenum,,,,,,,,,
Sapium sebiferum,,,,,,,,,
Mallotus paniculatus,,,,,,,,,
Macaranga tanarius,,,,,,,,,
Macaranga gigantea,,,,,,,,,
Croton schiedeanus,,,,,,,,,
Excoecaria agallocha,,,,,,,,,
Triadica cochinchinensis,,,,,,,,,
Alchornea latifolia,,,,,,,,,
Macaranga hypoleuca,,,,,,,,,
Adelia triloba,,,,,,,,,
Croton billbergianus,,,,,,,,,
Hevea pauciflora,,,,,,,,,
Maprounea guianensis,,,,,,,,,
Macaranga triloba,,,,,,,,,
Sapium glandulosum,,,,,,,,,
Alchornea costaricensis,,,,,,,,,
Hevea brasiliensis,,,,,,,,,
Omphalea oleifera,,,,,,,,,
Hura crepitans,,,,,,,,,
Mallotus pallidus,,,,,,,,,
Euphorbia fendleri,,,,,,,,,
Euphorbia serpyllifolia,,,,,,,,,
Euphorbia maculata,,,,,,,,,
Euphorbia flavicoma,,,,,,,,,
Euphorbia peplus,,,,,,,,,
Euphorbia helioscopia,,,,,,,,,
Euphorbia cyparissias,,,,,,,,,
Euphorbia brachycera,,,,,,,,,
Euphorbia falcata,,,,,,,,,
Acalypha communis,,,,,,,,,
Mercurialis perennis,,,,,,,,,
Mercurialis annua,,,,,,,,,
Euphorbia variabilis,,,,,,,,,
Euphorbia dulcis,,,,,,,,,
Euphorbia nutans,,,,,,,,,
Euphorbia corollata,,,,,,,,,
Euphorbia amygdaloides,,,,,,,,,
Croton capitatus,,,,,,,,,
Acalypha virginica,,,,,,,,,
Quercus ilex,,,,,,,,,
Lithocarpus hancei,,,,,,,,,
Quercus laevis,,,,,,,,,
Quercus nigra,,,,,,,,,
Quercus virginiana,,,,,,,,,
Quercus laurifolia,,,,,,,,,
Lithocarpus glaber,,,,,,,,,
Quercus douglasii,,,,,,,,,
Quercus stellata,,,,,,,,,
Quercus rubra,,,,,,,,,
Quercus suber,,,,,,,,,
Quercus michauxii,,,,,,,,,
Quercus faginea,,,,,,,,,
Quercus falcata,,,,,,,,,
Castanopsis fissa,,,,,,,,,
Castanopsis chinensis,,,,,,,,,
Quercus glauca,,,,,,,,,
Chrysolepis chrysophylla,,,,,,,,,
Quercus acutissima,,,,,,,,,
Quercus aliena,,,,,,,,,
Quercus lobata,,,,,,,,,
Quercus variabilis,,,,,,,,,
Quercus coccinea,,,,,,,,,
Quercus robur,,,,,,,,,
Castanea sativa,,,,,,,,,
Quercus velutina,,,,,,,,,
Quercus alba,,,,,,,,,
Quercus macrocarpa,,,,,,,,,
Quercus kelloggii,,,,,,,,,
Fagus grandifolia,,,,,,,,,
Quercus petraea,,,,,,,,,
Fagus sylvatica,,,,,,,,,
Quercus mongolica,,,,,,,,,
Quercus cerris,,,,,,,,,
Quercus shumardii,,,,,,,,,
Castanea dentata,,,,,,,,,
Quercus durata,,,,,,,,,
Quercus incana,,,,,,,,,
Quercus gambelii,,,,,,,,,
Quercus agrifolia,,,,,,,,,
Quercus lusitanica,,,,,,,,,
Gentiana clusii,,,,,,,,,
Gentiana verna,,,,,,,,,
Gentiana acaulis,,,,,,,,,
Gentianella parviflora,,,,,,,,,
Centaurium erythraea,,,,,,,,,
Gentianella biebersteinii,,,,,,,,,
Gentianella campestris,,,,,,,,,
Gentianella amarella,,,,,,,,,
Blackstonia perfoliata,,,,,,,,,
Gentiana punctata,,,,,,,,,
Gentiana purpurea,,,,,,,,,
Gentiana asclepiadea,,,,,,,,,
Gentiana lutea,,,,,,,,,
Geranium caespitosum,,,,,,,,,
Erodium cicutarium,,,,,,,,,
Geranium molle,,,,,,,,,
Geranium rotundifolium,,,,,,,,,
Geranium nodosum,,,,,,,,,
Geranium sanguineum,,,,,,,,,
Geranium robertianum,,,,,,,,,
Geranium sylvaticum,,,,,,,,,
Erodium glaucophyllum,,,,,,,,,
Geranium maculatum,,,,,,,,,
Geranium richardsonii,,,,,,,,,
Geranium pratense,,,,,,,,,
Ginkgo biloba,,,,,,,,,
Goupia glabra,,,,,,,,,
Ribes malvaceum,,,,,,,,,
Ribes alpinum,,,,,,,,,
Ribes rubrum,,,,,,,,,
Ribes sanguineum,,,,,,,,,
Ribes californicum,,,,,,,,,
Ribes divaricatum,,,,,,,,,
Myriophyllum verticillatum,,,,,,,,,
Myriophyllum spicatum,,,,,,,,,
Hamamelis virginiana,,,,,,,,,
Loropetalum chinense,,,,,,,,,
Hydrocharis morsus-ranae,,,,,,,,,
Vallisneria americana,,,,,,,,,
Najas marina,,,,,,,,,
Vismia baccifera,,,,,,,,,
Vismia macrophylla,,,,,,,,,
Vismia cayennensis,,,,,,,,,
Hypericum humifusum,,,,,,,,,
Hypericum linarioides,,,,,,,,,
Hypericum montanum,,,,,,,,,
Hypericum maculatum,,,,,,,,,
Hypericum perforatum,,,,,,,,,
Apodytes dimidiata,,,,,,,,,
Emmotum fagifolium,,,,,,,,,
Iris missouriensis,,,,,,,,,
Gladiolus palustris,,,,,,,,,
Iris germanica,,,,,,,,,
Iris pseudacorus,,,,,,,,,
Juglans californica,,,,,,,,,
Juglans regia,,,,,,,,,
Carya glabra,,,,,,,,,
Carya alba,,,,,,,,,
Carya ovata,,,,,,,,,
Juglans nigra,,,,,,,,,
Luzula rufa,,,,,,,,,
Juncus uruguensis,,,,,,,,,
Juncus bulbosus,,,,,,,,,
Juncus trifidus,,,,,,,,,
Luzula campestris,,,,,,,,,
Juncus bufonius,,,,,,,,,
Luzula spicata,,,,,,,,,
Luzula sudetica,,,,,,,,,
Luzula forsteri,,,,,,,,,
Luzula alpinopilosa,,,,,,,,,
Luzula multiflora,,,,,,,,,
Juncus squarrosus,,,,,,,,,
Luzula pilosa,,,,,,,,,
Juncus articulatus,,,,,,,,,
Juncus filiformis,,,,,,,,,
Juncus tenuis,,,,,,,,,
Luzula nivea,,,,,,,,,
Juncus subnodulosus,,,,,,,,,
Juncus effusus,,,,,,,,,
Lacistema aggregatum,,,,,,,,,
Vitex pinnata,,,,,,,,,
Tectona grandis,,,,,,,,,
Teucrium montanum,,,,,,,,,
Rosmarinus officinalis,,,,,,,,,
Vitex negundo,,,,,,,,,
Lepechinia calycina,,,,,,,,,
Thymus praecoxpolytrichus,,,,,,,,,
Thymus praecox,,,,,,,,,
Acinos alpinus,,,,,,,,,
Thymus nummularius,,,,,,,,,
Clinopodium nepeta subsp. glandulosum,,,,,,,,,
Thymus dolomiticus,,,,,,,,,
Thymus serpyllum,,,,,,,,,
Ajuga chamaepitys,,,,,,,,,
Hedeoma hispida,,,,,,,,,
Horminum pyrenaicum,,,,,,,,,
Prunella vulgaris,,,,,,,,,
Prunella grandiflora,,,,,,,,,
Prunella laciniata,,,,,,,,,
Lamium amplexicaule,,,,,,,,,
Glechoma hederacea,,,,,,,,,
Lamium purpureum,,,,,,,,,
Galeopsis segetum,,,,,,,,,
Mentha aquatica,,,,,,,,,
Stachys alopecuros,,,,,,,,,
Mentha arvensis,,,,,,,,,
Teucrium scorodonia,,,,,,,,,
Galeopsis ladanumangustifolia,,,,,,,,,
Melittis melissophyllum,,,,,,,,,
Stachys officinalis,,,,,,,,,
Lamium album,,,,,,,,,
Lamium galeobdolon,,,,,,,,,
Lamium maculatum,,,,,,,,,
Clinopodium vulgare,,,,,,,,,
Stachys recta,,,,,,,,,
Galeopsis tetrahit,,,,,,,,,
Origanum vulgare,,,,,,,,,
Monarda punctata,,,,,,,,,
Salvia pratensis,,,,,,,,,
Salvia glutinosa,,,,,,,,,
Stachys palustris,,,,,,,,,
Galeopsis speciosa,,,,,,,,,
Stachys sylvatica,,,,,,,,,
Mentha longifolia,,,,,,,,,
Lycopus europaeus,,,,,,,,,
Teucrium canadense,,,,,,,,,
Monarda fistulosa,,,,,,,,,
Litsea cubeba,,,,,,,,,
Persea americana,,,,,,,,,
Cinnamomum burmanni,,,,,,,,,
Cinnamomum camphora,,,,,,,,,
Litsea accedens,,,,,,,,,
Laurus nobilis,,,,,,,,,
Nectandra purpurea,,,,,,,,,
Machilus chinensis,,,,,,,,,
Ocotea leucoxylon,,,,,,,,,
Ocotea cernua,,,,,,,,,
Ocotea floribunda,,,,,,,,,
Ocotea dendrodaphne,,,,,,,,,
Cinnamomum subavenium,,,,,,,,,
Licaria chrysophylla,,,,,,,,,
Eusideroxylon zwageri,,,,,,,,,
Cinnamomum triplinerve,,,,,,,,,
Ocotea puberula,,,,,,,,,
Beilschmiedia pendula,,,,,,,,,
Umbellularia californica,,,,,,,,,
Ocotea oblonga,,,,,,,,,
Nectandra ambigens,,,,,,,,,
Ocotea whitei,,,,,,,,,
Lindera communis,,,,,,,,,
Planchonia careya,,,,,,,,,
Gustavia augusta,,,,,,,,,
Eschweilera parviflora,,,,,,,,,
Eschweilera sagotiana,,,,,,,,,
Couratari multiflora,,,,,,,,,
Gustavia superba,,,,,,,,,
Gustavia hexapetala,,,,,,,,,
Eschweilera decolorans,,,,,,,,,
Eschweilera coriacea,,,,,,,,,
Bertholletia excelsa,,,,,,,,,
Couratari guianensis,,,,,,,,,
Lecythis zabucajo,,,,,,,,,
Piscidia carthagenensis,,,,,,,,,
Cercis canadensis,,,,,,,,,
Lonchocarpus rugosus,,,,,,,,,
Daniellia oliveri,,,,,,,,,
Acacia mearnsii,,,,,,,,,
Pterocarpus erinaceus,,,,,,,,,
Acacia nilotica,,,,,,,,,
Prosopis flexuosa,,,,,,,,,
Prosopis glandulosa,,,,,,,,,
Albizia adianthifolia,,,,,,,,,
Prosopis nigra,,,,,,,,,
Acacia robusta,,,,,,,,,
Erythrina folkersii,,,,,,,,,
Acacia melanoxylon,,,,,,,,,
Prosopis alba,,,,,,,,,
Brownea grandiceps,,,,,,,,,
Archidendron clypearia,,,,,,,,,
Cojoba rufescens,,,,,,,,,
Colophospermum mopane,,,,,,,,,
Acacia gerrardii,,,,,,,,,
Erythrophleum chlorostachys,,,,,,,,,
Swartzia brachyrachis,,,,,,,,,
Acacia mangium,,,,,,,,,
Pterocarpus officinalis,,,,,,,,,
Ceratonia siliqua,,,,,,,,,
Maackia amurensis,,,,,,,,,
Parkia speciosa,,,,,,,,,
Swartzia simplex,,,,,,,,,
Ormosia amazonica,,,,,,,,,
Inga umbellifera,,,,,,,,,
Pongamia pinnata,,,,,,,,,
Inga laurina,,,,,,,,,
Robinia pseudoacacia,,,,,,,,,
Inga cocleensis,,,,,,,,,
Parkia velutina,,,,,,,,,
Inga nobilis,,,,,,,,,
Inga punctata,,,,,,,,,
Acacia koa,,,,,,,,,
Falcataria moluccana,,,,,,,,,
Gliricidia sepium,,,,,,,,,
Butea monosperma,,,,,,,,,
Eperua falcata,,,,,,,,,
Inga thibaudiana,,,,,,,,,
Inga edulis,,,,,,,,,
Eperua grandiflora,,,,,,,,,
Inga sapindoides,,,,,,,,,
Ormosia macrocalyx,,,,,,,,,
Andira inermis,,,,,,,,,
Ormosia coccinea,,,,,,,,,
Inga goldmanii,,,,,,,,,
Enterolobium schomburgkii,,,,,,,,,
Macrolobium gracile,,,,,,,,,
Gleditsia triacanthos,,,,,,,,,
Inga oerstediana,,,,,,,,,
Schizolobium parahyba,,,,,,,,,
Inga semialata,,,,,,,,,
Cynometra retusa,,,,,,,,,
Macrolobium angustifolium,,,,,,,,,
Acacia auriculiformis,,,,,,,,,
Inga leiocalycina,,,,,,,,,
Lonchocarpus heptaphyllus,,,,,,,,,
Hebestigma cubense,,,,,,,,,
Pentaclethra macroloba,,,,,,,,,
Hymenaea courbaril,,,,,,,,,
Pterocarpus rohrii,,,,,,,,,
Inga acreana,,,,,,,,,
Platymiscium pinnatum,,,,,,,,,
Dialium guianense,,,,,,,,,
Albizia saman,,,,,,,,,
Diplotropis purpurea,,,,,,,,,
Abarema jupunba,,,,,,,,,
Peltogyne venosa,,,,,,,,,
Platypodium elegans,,,,,,,,,
Prioria copaifera,,,,,,,,,
Tachigali versicolor,,,,,,,,,
Dussia mexicana,,,,,,,,,
Myroxylon balsamum,,,,,,,,,
Albizia niopoides,,,,,,,,,
Leucaena leucocephala,,,,,,,,,
Acacia mellifera,,,,,,,,,
Acacia oswaldii,,,,,,,,,
Dichrostachys cinerea,,,,,,,,,
Acacia doratoxylon,,,,,,,,,
Acacia aneura,,,,,,,,,
Acacia karroo,,,,,,,,,
Bauhinia variegata,,,,,,,,,
Genista hispanica,,,,,,,,,
Lespedeza capitata,,,,,,,,,
Ulex europaeus,,,,,,,,,
Syrmatium glabrum,,,,,,,,,
Cytisus scoparius,,,,,,,,,
Hippocrepis emerus,,,,,,,,,
Acacia furcatispina,,,,,,,,,
Acacia aroma,,,,,,,,,
Mimozyganthus carinatus,,,,,,,,,
Prosopis torquata,,,,,,,,,
Acacia caven,,,,,,,,,
Parkinsonia praecox,,,,,,,,,
Prosopis alpataco,,,,,,,,,
Acacia praecox,,,,,,,,,
Anthyllis montana,,,,,,,,,
Coronilla minima,,,,,,,,,
Dorycnium hirsutum,,,,,,,,,
Genista tinctoria,,,,,,,,,
Dalea candida,,,,,,,,,
Dalea purpurea,,,,,,,,,
Desmanthus illinoensis,,,,,,,,,
Ononis striata,,,,,,,,,
Astragalus humistratus,,,,,,,,,
Lupinus kingii,,,,,,,,,
Coronilla vaginalis,,,,,,,,,
Trifolium longipes,,,,,,,,,
Astragalus alpinus,,,,,,,,,
Cologania angustifolia,,,,,,,,,
Medicago minima,,,,,,,,,
Anthyllis vulneraria,,,,,,,,,
Trifolium badium,,,,,,,,,
Trifolium arvense,,,,,,,,,
Ornithopus compressus,,,,,,,,,
Trifolium repens,,,,,,,,,
Trifolium dubium,,,,,,,,,
Dalea polygonoides,,,,,,,,,
Trifolium alpestre,,,,,,,,,
Ottleya wrightii,,,,,,,,,
Medicago lupulina,,,,,,,,,
Lotus corniculatus,,,,,,,,,
Lathyrus linifolius,,,,,,,,,
Oxytropis lambertii,,,,,,,,,
Lathyrus vernus,,,,,,,,,
Trifolium montanum,,,,,,,,,
Trifolium medium,,,,,,,,,
Lupinus perennis,,,,,,,,,
Trifolium pratense,,,,,,,,,
Astragalus rusbyi,,,,,,,,,
Melilotus officinalis subsp. alba,,,,,,,,,
Ononis spinosaprocurrens,,,,,,,,,
Securigera varia,,,,,,,,,
Lotus pedunculatus,,,,,,,,,
Coronilla coronata,,,,,,,,,
Trigonella foenum-graecum,,,,,,,,,
Trifolium hybridum,,,,,,,,,
Vicia sepium,,,,,,,,,
Chamaecrista fasciculata,,,,,,,,,
Medicago sativa,,,,,,,,,
Astragalus canadensis,,,,,,,,,
Melilotus officinalis,,,,,,,,,
Phaseolus vulgaris,,,,,,,,,
Lupinus polyphyllus,,,,,,,,,
Baptisia alba,,,,,,,,,
Vicia hirsuta,,,,,,,,,
Vicia americana,,,,,,,,,
Lathyrus pratensis,,,,,,,,,
Vicia sativa,,,,,,,,,
Vicia cracca,,,,,,,,,
Pueraria montana var. lobata,,,,,,,,,
Pinguicula vulgaris,,,,,,,,,
Utricularia vulgaris,,,,,,,,,
Gagea serotina,,,,,,,,,
Erythronium dens-canis,,,,,,,,,
Lilium martagon,,,,,,,,,
Lilium bulbiferum,,,,,,,,,
Linum suffruticosum,,,,,,,,,
Linum lewisii,,,,,,,,,
Linum catharticum,,,,,,,,,
Linum australe,,,,,,,,,
Linum tenuifolium,,,,,,,,,
Linum perenne,,,,,,,,,
Linum usitatissimum,,,,,,,,,
Lindernia dubia,,,,,,,,,
Strychnos madagascariensis,,,,,,,,,
Strychnos decussata,,,,,,,,,
Nuytsia floribunda,,,,,,,,,
Lafoensia punicifolia,,,,,,,,,
Punica granatum,,,,,,,,,
Trapa natans,,,,,,,,,
Lythrum salicaria,,,,,,,,,
Magnolia grandiflora,,,,,,,,,
Liriodendron tulipifera,,,,,,,,,
Byrsonima arthropoda,,,,,,,,,
Byrsonima crassifolia,,,,,,,,,
Cordobia argentea,,,,,,,,,
Ceiba speciosa,,,,,,,,,
Herrania purpurea,,,,,,,,,
Hampea nutricia,,,,,,,,,
Theobroma cacao,,,,,,,,,
Brachychiton populneus,,,,,,,,,
Bombax ceiba,,,,,,,,,
Theobroma speciosum,,,,,,,,,
Tilia americana,,,,,,,,,
Sterculia speciosa,,,,,,,,,
Pterospermum acerifolium,,,,,,,,,
Catostemma fragrans,,,,,,,,,
Tilia cordata,,,,,,,,,
Adansonia digitata,,,,,,,,,
Trichospermum mexicanum,,,,,,,,,
Hampea appendiculata,,,,,,,,,
Pterygota alata,,,,,,,,,
Heliocarpus americanus,,,,,,,,,
Apeiba tibourbou,,,,,,,,,
Pachira aquatica,,,,,,,,,
Apeiba petoumo,,,,,,,,,
Trichospermum galeottii,,,,,,,,,
Pachira quinata,,,,,,,,,
Sterculia apetala,,,,,,,,,
Apeiba glabra,,,,,,,,,
Pachira sessilis,,,,,,,,,
Apeiba membranacea,,,,,,,,,
Guazuma ulmifolia,,,,,,,,,
Ochroma pyramidale,,,,,,,,,
Tilia platyphyllos,,,,,,,,,
Scaphium macropodum,,,,,,,,,
Robinsonella mirandae,,,,,,,,,
Heliocarpus appendiculatus,,,,,,,,,
Pachira insignis,,,,,,,,,
Pseudobombax septenatum,,,,,,,,,
Luehea seemannii,,,,,,,,,
Ceiba pentandra,,,,,,,,,
Mortoniodendron guatemalense,,,,,,,,,
Quararibea asterolepis,,,,,,,,,
Quararibea cordata,,,,,,,,,
Hibiscus tilliaceus,,,,,,,,,
Grewia monticola,,,,,,,,,
Sphaeralcea ambigua,,,,,,,,,
Malva sylvestris,,,,,,,,,
Abutilon theophrasti,,,,,,,,,
Veratrum album,,,,,,,,,
Miconia prasina,,,,,,,,,
Miconia argentea,,,,,,,,,
Miconia affinis,,,,,,,,,
Mouriri myrtilloides,,,,,,,,,
Clidemia dentata,,,,,,,,,
Melastoma malabathricum,,,,,,,,,
Synoum glandulosum,,,,,,,,,
Melia azedarach,,,,,,,,,
Guarea macrophylla,,,,,,,,,
Azadirachta indica,,,,,,,,,
Swietenia mahagoni,,,,,,,,,
Guarea glabra,,,,,,,,,
Trichilia pallida,,,,,,,,,
Ekebergia capensis,,,,,,,,,
Trichilia martiana,,,,,,,,,
Guarea guidonia,,,,,,,,,
Toona ciliata,,,,,,,,,
Cedrela odorata,,,,,,,,,
Swietenia macrophylla,,,,,,,,,
Trichilia pleeana,,,,,,,,,
Trichilia quadrijuga,,,,,,,,,
Trichilia tuberculata,,,,,,,,,
Guarea kunthiana,,,,,,,,,
Cabralea canjerana,,,,,,,,,
Nymphoides peltata,,,,,,,,,
Menyanthes trifoliata,,,,,,,,,
Mollinedia viridiflora,,,,,,,,,
Morus alba,,,,,,,,,
Sorocea steinbachii,,,,,,,,,
Ficus fulva,,,,,,,,,
Broussonetia papyrifera,,,,,,,,,
Trophis mexicana,,,,,,,,,
Sorocea affinis,,,,,,,,,
Ficus macrophylla,,,,,,,,,
Ficus fistulosa,,,,,,,,,
Ficus benjamina,,,,,,,,,
Artocarpus heterophyllus,,,,,,,,,
Trophis caucana,,,,,,,,,
Ficus virens,,,,,,,,,
Ficus obtusifolia,,,,,,,,,
Perebea tessmannii,,,,,,,,,
Artocarpus elasticus,,,,,,,,,
Maquira guianensis,,,,,,,,,
Batocarpus amazonicus,,,,,,,,,
Perebea xanthochyma,,,,,,,,,
Artocarpus nitidus,,,,,,,,,
Ficus insipida,,,,,,,,,
Clarisia biflora,,,,,,,,,
Castilla elastica,,,,,,,,,
Ficus racemosa,,,,,,,,,
Pseudolmedia glabrata,,,,,,,,,
Trilepisium madagascariense,,,,,,,,,
Ficus popenoei,,,,,,,,,
Brosimum alicastrum,,,,,,,,,
Poulsenia armata,,,,,,,,,
Clarisia racemosa,,,,,,,,,
Pseudolmedia laevis,,,,,,,,,
Brosimum rubescens,,,,,,,,,
Brosimum lactescens,,,,,,,,,
Brosimum utile,,,,,,,,,
Ficus citrifolia,,,,,,,,,
Myrica faya,,,,,,,,,
Virola elongata,,,,,,,,,
Virola calophylla,,,,,,,,,
Iryanthera hostmannii,,,,,,,,,
Iryanthera juruensis,,,,,,,,,
Virola sebifera,,,,,,,,,
Pycnanthus angolensis,,,,,,,,,
Otoba parvifolia,,,,,,,,,
Virola multiflora,,,,,,,,,
Virola surinamensis,,,,,,,,,
Virola michelii,,,,,,,,,
Osteophloeum platyspermum,,,,,,,,,
Psidium cattleianum,,,,,,,,,
Eucalyptus dumosa,,,,,,,,,
Syzygium cumini,,,,,,,,,
Eucalyptus botryoides,,,,,,,,,
Eucalyptus blakelyi,,,,,,,,,
Psidium guajava,,,,,,,,,
Eucalyptus tetrodonta,,,,,,,,,
Eucalyptus propinqua,,,,,,,,,
Corymbia terminalis,,,,,,,,,
Eugenia patrisii,,,,,,,,,
Eucalyptus haemastoma,,,,,,,,,
Eucalyptus umbra,,,,,,,,,
Eucalyptus racemosa,,,,,,,,,
Psidium friedrichsthalianum,,,,,,,,,
Melaleuca viridiflora,,,,,,,,,
Eucalyptus intertexta,,,,,,,,,
Syzygium jambos,,,,,,,,,
Myrciaria floribunda,,,,,,,,,
Eucalyptus pilularis,,,,,,,,,
Eucalyptus sideroxylon,,,,,,,,,
Corymbia gummifera,,,,,,,,,
Myrcia gatunensis,,,,,,,,,
Corymbia citriodora,,,,,,,,,
Eugenia cucullata,,,,,,,,,
Melaleuca leucadendra,,,,,,,,,
Eugenia galalonensis,,,,,,,,,
Eucalyptus viminalis,,,,,,,,,
Rhodamnia cinerea,,,,,,,,,
Metrosideros polymorpha,,,,,,,,,
Luma apiculata,,,,,,,,,
Syncarpia glomulifera,,,,,,,,,
Syzygium acuminatissimum,,,,,,,,,
Myrcia splendens,,,,,,,,,
Eucalyptus paniculata,,,,,,,,,
Eugenia florida,,,,,,,,,
Corymbia maculata,,,,,,,,,
Eugenia nesiotica,,,,,,,,,
Eucalyptus obliqua,,,,,,,,,
Eucalyptus wandoo,,,,,,,,,
Eucalyptus tereticornis,,,,,,,,,
Eucalyptus marginata,,,,,,,,,
Eucalyptus acmenoides,,,,,,,,,
Eucalyptus camaldulensis,,,,,,,,,
Eucalyptus gomphocephala,,,,,,,,,
Eucalyptus saligna,,,,,,,,,
Eucalyptus grandis,,,,,,,,,
Eucalyptus diversicolor,,,,,,,,,
Eucalyptus regnans,,,,,,,,,
Myrtus communis,,,,,,,,,
Melaleuca uncinata,,,,,,,,,
Leptospermum trinervium,,,,,,,,,
Leptospermum polygalifolium,,,,,,,,,
Narthecium ossifragum,,,,,,,,,
Nelumbo nucifera,,,,,,,,,
Peganum harmala,,,,,,,,,
Nothofagus antarctica,,,,,,,,,
Nothofagus solandri,,,,,,,,,
Nothofagus pumilio,,,,,,,,,
Nothofagus menziesii,,,,,,,,,
Nothofagus fusca,,,,,,,,,
Nothofagus betuloides,,,,,,,,,
Nothofagus dombeyi,,,,,,,,,
Neea floribunda,,,,,,,,,
Guapira myrtiflora,,,,,,,,,
Mirabilis decipiens,,,,,,,,,
Nuphar lutea,,,,,,,,,
Nymphaea alba,,,,,,,,,
Victoria amazonica,,,,,,,,,
Cespedesia spathulata,,,,,,,,,
Ouratea lucens,,,,,,,,,
Heisteria acuminata,,,,,,,,,
Ochanostachys amentacea,,,,,,,,,
Heisteria ovata,,,,,,,,,
Heisteria concinna,,,,,,,,,
Phillyrea latifolia,,,,,,,,,
Fraxinus uhdei,,,,,,,,,
Fraxinus angustifolia,,,,,,,,,
Olea capensis,,,,,,,,,
Fraxinus nigra,,,,,,,,,
Fraxinus excelsior,,,,,,,,,
Fraxinus pennsylvanica,,,,,,,,,
Fraxinus mandshurica,,,,,,,,,
Phillyrea angustifolia,,,,,,,,,
Ligustrum sinense,,,,,,,,,
Ligustrum lucidum,,,,,,,,,
Olea europaea,,,,,,,,,
Ligustrum vulgare,,,,,,,,,
Oenothera pubescens,,,,,,,,,
Circaea alpina,,,,,,,,,
Epilobium palustre,,,,,,,,,
Epilobium fleischeri,,,,,,,,,
Epilobium brachycarpum,,,,,,,,,
Circaea lutetiana,,,,,,,,,
Epilobium parviflorum,,,,,,,,,
Epilobium angustifolium,,,,,,,,,
Oenothera biennis,,,,,,,,,
Epilobium coloratum,,,,,,,,,
Oenothera erythrosepala,,,,,,,,,
Epilobium hirsutum,,,,,,,,,
Platanthera bifolia,,,,,,,,,
Orchis militaris,,,,,,,,,
Gymnadenia conopsea,,,,,,,,,
Epipactis atrorubens,,,,,,,,,
Epipactis helleborine,,,,,,,,,
Castilleja integra,,,,,,,,,
Euphrasia frigida,,,,,,,,,
Euphrasia minima,,,,,,,,,
Pedicularis sylvatica,,,,,,,,,
Bartsia alpina,,,,,,,,,
Pedicularis gyroflexa,,,,,,,,,
Melampyrum sylvaticum,,,,,,,,,
Melampyrum pratense,,,,,,,,,
Parentucellia viscosa,,,,,,,,,
Melampyrum cristatum,,,,,,,,,
Rhinanthus minor,,,,,,,,,
Rhinanthus glacialis,,,,,,,,,
Orthantha lutea,,,,,,,,,
Pedicularis palustris,,,,,,,,,
Melampyrum arvense,,,,,,,,,
Pedicularis comosa,,,,,,,,,
Castilleja austromontana,,,,,,,,,
Oxalis alpina,,,,,,,,,
Oxalis acetosella,,,,,,,,,
Oxalis stricta,,,,,,,,,
Fumaria officinalis,,,,,,,,,
Papaver rhoeas,,,,,,,,,
Chelidonium majus,,,,,,,,,
Quintinia acutifolia,,,,,,,,,
Chaetocarpus schomburgkianus,,,,,,,,,
Mimulus aurantiacus,,,,,,,,,
Bridelia retusa,,,,,,,,,
Margaritaria nobilis,,,,,,,,,
Bischofia javanica,,,,,,,,,
Hieronyma oblonga,,,,,,,,,
Hieronyma alchorneoides,,,,,,,,,
Glochidion puberum,,,,,,,,,
Phytolacca americana,,,,,,,,,
Picramnia latifolia,,,,,,,,,
Petalostigma quadriloculare,,,,,,,,,
Pinus monophylla,,,,,,,,,
Pinus edulis,,,,,,,,,
Pinus aristata,,,,,,,,,
Pinus elliottii,,,,,,,,,
Pinus uncinata,,,,,,,,,
Pinus flexilis,,,,,,,,,
Pinus halepensis,,,,,,,,,
Pinus rigida,,,,,,,,,
Abies balsamea,,,,,,,,,
Pinus palustris,,,,,,,,,
Pinus resinosa,,,,,,,,,
Pinus cembra,,,,,,,,,
Picea mariana,,,,,,,,,
Pinus clausa,,,,,,,,,
Abies fraseri,,,,,,,,,
Pinus taeda,,,,,,,,,
Pinus contorta,,,,,,,,,
Pinus pinaster,,,,,,,,,
Pinus banksiana,,,,,,,,,
Larix laricina,,,,,,,,,
Pinus virginiana,,,,,,,,,
Pinus serotina,,,,,,,,,
Picea glauca,,,,,,,,,
Pinus sylvestris,,,,,,,,,
Pinus radiata,,,,,,,,,
Tsuga canadensis,,,,,,,,,
Abies lasiocarpa,,,,,,,,,
Pinus pinea,,,,,,,,,
Pinus strobiformis,,,,,,,,,
Picea rubens,,,,,,,,,
Pinus massoniana,,,,,,,,,
Pinus koraiensis,,,,,,,,,
Larix kaempferi,,,,,,,,,
Pinus canariensis,,,,,,,,,
Picea jezoensis,,,,,,,,,
Pinus strobus,,,,,,,,,
Pinus nigra,,,,,,,,,
Larix decidua,,,,,,,,,
Picea engelmannii,,,,,,,,,
Pinus densiflora,,,,,,,,,
Pinus ponderosa,,,,,,,,,
Larix gmelinii,,,,,,,,,
Cedrus deodara,,,,,,,,,
Larix eurolepis,,,,,,,,,
Picea abies,,,,,,,,,
Abies alba,,,,,,,,,
Abies concolor,,,,,,,,,
Tsuga heterophylla,,,,,,,,,
Larix occidentalis,,,,,,,,,
Pinus jeffreyi,,,,,,,,,
Abies grandis,,,,,,,,,
Picea sitchensis,,,,,,,,,
Pseudotsuga menziesii,,,,,,,,,
Piper arboreum,,,,,,,,,
Piper reticulatum,,,,,,,,,
Piper aequale,,,,,,,,,
Piper cordulatum,,,,,,,,,
Piper colonense,,,,,,,,,
Penstemon linarioides,,,,,,,,,
Plantago ciliata,,,,,,,,,
Globularia cordifolia,,,,,,,,,
Linaria alpina,,,,,,,,,
Veronica alpina,,,,,,,,,
Plantago coronopus,,,,,,,,,
Veronica arvensis,,,,,,,,,
Plantago argyrea,,,,,,,,,
Littorella uniflora,,,,,,,,,
Plantago ovata,,,,,,,,,
Globularia nudicaulis,,,,,,,,,
Plantago atrata,,,,,,,,,
Plantago rugelii,,,,,,,,,
Veronica officinalis,,,,,,,,,
Globularia punctata,,,,,,,,,
Veronica gentianoides,,,,,,,,,
Veronica filiformis,,,,,,,,,
Veronica hederifolia,,,,,,,,,
Veronica persica,,,,,,,,,
Plantago major,,,,,,,,,
Globularia vulgaris,,,,,,,,,
Plantago lanceolata,,,,,,,,,
Plantago maritima,,,,,,,,,
Veronica chamaedrys,,,,,,,,,
Plantago media,,,,,,,,,
Kickxia spuria,,,,,,,,,
Penstemon virgatus,,,,,,,,,
Plantago albicans,,,,,,,,,
Veronica spicata,,,,,,,,,
Veronica montana,,,,,,,,,
Hippuris vulgaris,,,,,,,,,
Veronica austriaca,,,,,,,,,
Veronica beccabunga,,,,,,,,,
Veronica urticifolia,,,,,,,,,
Veronica anagallis-aquatica,,,,,,,,,
Penstemon barbatus,,,,,,,,,
Linaria vulgaris,,,,,,,,,
Linaria dalmatica,,,,,,,,,
Linaria purpurea,,,,,,,,,
Digitalis grandiflora,,,,,,,,,
Digitalis purpurea,,,,,,,,,
Veronica longifolia,,,,,,,,,
Platanus occidentalis,,,,,,,,,
Armeria maritima,,,,,,,,,
Bouteloua aristidoides,,,,,,,,,
Muhlenbergia peruviana,,,,,,,,,
Festuca christianii-bernardii,,,,,,,,,
Munroa squarrosa,,,,,,,,,
Muhlenbergia minutissima,,,,,,,,,
Muhlenbergia ramulosa,,,,,,,,,
Bromus variegatus,,,,,,,,,
Chondrosum simplex,,,,,,,,,
Aegilops geniculata,,,,,,,,,
Stipa capensis,,,,,,,,,
Poa annua,,,,,,,,,
Catapodium rigidum,,,,,,,,,
Poa supina,,,,,,,,,
Koeleria glauca,,,,,,,,,
Koeleria vallesiana,,,,,,,,,
Vulpia myuros,,,,,,,,,
Festuca halleri,,,,,,,,,
Vulpia bromoides,,,,,,,,,
Poa colensoi,,,,,,,,,
Aira caryophyllea,,,,,,,,,
Oplismenus hirtellus,,,,,,,,,
Sporobolus vaginiflorus,,,,,,,,,
Chondrosum hirsutum,,,,,,,,,
Corynephorus canescens,,,,,,,,,
Brachypodium distachyon,,,,,,,,,
Poa alpina,,,,,,,,,
Sesleria albicans,,,,,,,,,
Poa bulbosa,,,,,,,,,
Aristida purpurea,,,,,,,,,
Phleum alpinum,,,,,,,,,
Eragrostis minor,,,,,,,,,
Cynodon dactylon,,,,,,,,,
Bromus madritensis,,,,,,,,,
Helictotrichon versicolor,,,,,,,,,
Puccinellia distans,,,,,,,,,
Agrostis vinealis,,,,,,,,,
Tragus racemosus,,,,,,,,,
Nardus stricta,,,,,,,,,
Koeleria macrantha,,,,,,,,,
Andropogon virginicus,,,,,,,,,
Bromus hordeaceus,,,,,,,,,
Danthonia decumbens,,,,,,,,,
Eragrostis cilianensis,,,,,,,,,
Panicum linearifolium,,,,,,,,,
Sesleria caerulea,,,,,,,,,
Anthoxanthum odoratum,,,,,,,,,
Paspalum dilatatum,,,,,,,,,
Eragrostis mexicana,,,,,,,,,
Festuca ovina,,,,,,,,,
Setaria parviflora,,,,,,,,,
Vulpia ciliata,,,,,,,,,
Aristida oligantha,,,,,,,,,
Pseudosclerochloa rupestris,,,,,,,,,
Agrostis canina,,,,,,,,,
Digitaria sanguinalis,,,,,,,,,
Agrostis capillaris,,,,,,,,,
Lolium perenne,,,,,,,,,
Setaria viridis,,,,,,,,,
Deschampsia flexuosa,,,,,,,,,
Eleusine indica,,,,,,,,,
Aristida adscensionis,,,,,,,,,
Poa compressa,,,,,,,,,
Festuca varia,,,,,,,,,
Festuca filiformis,,,,,,,,,
Oryza sativa,,,,,,,,,
Chondrosum gracile,,,,,,,,,
Hordeum murinum,,,,,,,,,
Elymus elymoides,,,,,,,,,
Helictotrichon bromoides,,,,,,,,,
Hyparrhenia hirta,,,,,,,,,
Festuca nigrescens,,,,,,,,,
Holcus lanatus,,,,,,,,,
Sporobolus interruptus,,,,,,,,,
Lolium rigidum,,,,,,,,,
Eragrostis spectabilis,,,,,,,,,
Bromus lanceolatus,,,,,,,,,
Festuca rubra,,,,,,,,,
Trisetum flavescens,,,,,,,,,
Schizachyrium condensatum,,,,,,,,,
Bothriochloa ischaemum,,,,,,,,,
Briza media,,,,,,,,,
Melica uniflora,,,,,,,,,
Phleum phleoides,,,,,,,,,
Agrostis stolonifera,,,,,,,,,
Bromus tectorum,,,,,,,,,
Poa pratensis,,,,,,,,,
Brachypodium phoenicoides,,,,,,,,,
Setaria pampeana,,,,,,,,,
Tridens flavus,,,,,,,,,
Melica ciliata,,,,,,,,,
Poa glauca,,,,,,,,,
Agropyron desertorum,,,,,,,,,
Brachypodium retusum,,,,,,,,,
Poa fendleriana,,,,,,,,,
Lolium multiflorum,,,,,,,,,
Holcus mollis,,,,,,,,,
Hordeum jubatum,,,,,,,,,
Pappophorum caespitosum,,,,,,,,,
Muhlenbergia montana,,,,,,,,,
Stipa comata,,,,,,,,,
Panicum capillare,,,,,,,,,
Cynosurus cristatus,,,,,,,,,
Agropyron cristatum,,,,,,,,,
Festuca arizonica,,,,,,,,,
Aristida achalensis,,,,,,,,,
Setaria pumila,,,,,,,,,
Muhlenbergia wrightii,,,,,,,,,
Panicum acuminatum,,,,,,,,,
Poa nemoralis,,,,,,,,,
Danthonia spicata,,,,,,,,,
Melica nutans,,,,,,,,,
Bromus arvensis,,,,,,,,,
Bromus rigidus,,,,,,,,,
Avena barbata,,,,,,,,,
Stipa pennata,,,,,,,,,
Brachypodium pinnatum,,,,,,,,,
Poa angustifolia,,,,,,,,,
Chloris virgata,,,,,,,,,
Bromus sterilis,,,,,,,,,
Helictotrichon pubescens,,,,,,,,,
Festuca heterophylla,,,,,,,,,
Bouteloua curtipendula,,,,,,,,,
Elymus repens,,,,,,,,,
Glyceria fluitans,,,,,,,,,
Stipa capillata,,,,,,,,,
Avena sterilis,,,,,,,,,
Helictotrichon pratense,,,,,,,,,
Echinochloa crus-galli,,,,,,,,,
Poa trivialis,,,,,,,,,
Panicum virgatum,,,,,,,,,
Alopecurus pratensis,,,,,,,,,
Elymus smithii,,,,,,,,,
Phleum pratense,,,,,,,,,
Calamagrostis varia,,,,,,,,,
Deschampsia cespitosa,,,,,,,,,
Chrysopogon gryllus,,,,,,,,,
Festuca pratensis,,,,,,,,,
Blepharoneuron tricholepis,,,,,,,,,
Bromus erectus,,,,,,,,,
Bromus catharticus,,,,,,,,,
Elymus trachycaulus,,,,,,,,,
Stipa parviflora,,,,,,,,,
Calamagrostis epigejos,,,,,,,,,
Brachypodium sylvaticum,,,,,,,,,
Deyeuxia hieronymi,,,,,,,,,
Calamagrostis villosa,,,,,,,,,
Dactylis glomerata,,,,,,,,,
Agrostis hyemalis,,,,,,,,,
Sporobolus heterolepis,,,,,,,,,
Muhlenbergia rigens,,,,,,,,,
Bromus ciliatus,,,,,,,,,
Festuca arundinacea,,,,,,,,,
Ammophila arenaria,,,,,,,,,
Stipa calamagrostis,,,,,,,,,
Festuca tucumanica,,,,,,,,,
Agrostis scabra,,,,,,,,,
Schizachyrium scoparium,,,,,,,,,
Festuca altissima,,,,,,,,,
Arrhenatherum elatius,,,,,,,,,
Elymus athericus,,,,,,,,,
Avena fatua,,,,,,,,,
Setaria italica,,,,,,,,,
Milium effusum,,,,,,,,,
Poa stuckertii,,,,,,,,,
Elymus caninus,,,,,,,,,
Phragmites australis,,,,,,,,,
Stipagrostis ciliata,,,,,,,,,
Spartina anglica,,,,,,,,,
Hordelymus europaeus,,,,,,,,,
Bromus inermis,,,,,,,,,
Calamagrostis arundinacea,,,,,,,,,
Molinia caerulea,,,,,,,,,
Triticum aestivum,,,,,,,,,
Festuca gigantea,,,,,,,,,
Avena sativa,,,,,,,,,
Muhlenbergia schreberi,,,,,,,,,
Panicum dichotomiflorum,,,,,,,,,
Stipa spartea,,,,,,,,,
Stipa tenacissima,,,,,,,,,
Paspalum quadrifarium,,,,,,,,,
Stipa ichu,,,,,,,,,
Bromus ramosus,,,,,,,,,
Elymus canadensis,,,,,,,,,
Pennisetum glaucum,,,,,,,,,
Pennisetum flaccidum,,,,,,,,,
Sorghastrum nutans,,,,,,,,,
Cortaderia rudiuscula,,,,,,,,,
Phalaris arundinacea,,,,,,,,,
Andropogon gerardii,,,,,,,,,
Glyceria maxima,,,,,,,,,
Sorghum halepense,,,,,,,,,
Calamagrostis canescens,,,,,,,,,
Sorghum bicolor,,,,,,,,,
Themeda triandra,,,,,,,,,
Zea mays,,,,,,,,,
Arundo donax,,,,,,,,,
Saxegothaea conspicua,,,,,,,,,
Podocarpus nubigenus,,,,,,,,,
Podocarpus latifolius,,,,,,,,,
Afrocarpus falcatus,,,,,,,,,
Dacrydium cupressinum,,,,,,,,,
Phyllocladus trichomanoides var. alpinus,,,,,,,,,
Ipomopsis multiflora,,,,,,,,,
Phlox speciosa,,,,,,,,,
Ipomopsis aggregata,,,,,,,,,
Polygala chamaebuxus,,,,,,,,,
Polygala vulgaris,,,,,,,,,
Polygala polygama,,,,,,,,,
Coccoloba manzinellensis,,,,,,,,,
Coccoloba mollis,,,,,,,,,
Triplaris cumingiana,,,,,,,,,
Eriogonum racemosum,,,,,,,,,
Eriogonum wrightii,,,,,,,,,
Eriogonum alatum,,,,,,,,,
Oxyria digyna,,,,,,,,,
Polygonum douglasii,,,,,,,,,
Persicaria vivipara,,,,,,,,,
Rumex acetosella,,,,,,,,,
Eriogonum pharnaceoides,,,,,,,,,
Polygonum aviculare,,,,,,,,,
Polygonum rurivagum,,,,,,,,,
Rumex alpestris,,,,,,,,,
Persicaria amphibia,,,,,,,,,
Persicaria maculosa,,,,,,,,,
Rumex acetosa,,,,,,,,,
Rumex obtusifolius,,,,,,,,,
Persicaria bistorta,,,,,,,,,
Persicaria lapathifolia,,,,,,,,,
Persicaria hydropiper,,,,,,,,,
Rumex crispus,,,,,,,,,
Rumex aquaticus,,,,,,,,,
Reynoutria japonica,,,,,,,,,
Fallopia scandens,,,,,,,,,
Fallopia convolvulus,,,,,,,,,
Persicaria sagittata,,,,,,,,,
Pontederia cordata,,,,,,,,,
Portulaca oleracea,,,,,,,,,
Potamogeton natans,,,,,,,,,
Zannichellia palustris,,,,,,,,,
Potamogeton alpinus,,,,,,,,,
Potamogeton berchtoldii,,,,,,,,,
Potamogeton nodosus,,,,,,,,,
Groenlandia densa,,,,,,,,,
Potamogeton crispus,,,,,,,,,
Potamogeton perfoliatus,,,,,,,,,
Stuckenia pectinata,,,,,,,,,
Potamogeton lucens,,,,,,,,,
Ardisia revoluta,,,,,,,,,
Stylogyne ardisioides,,,,,,,,,
Rapanea melanophloeos,,,,,,,,,
Ardisia ambigua,,,,,,,,,
Ardisia polysticta,,,,,,,,,
Stylogyne turbacensis,,,,,,,,,
Soldanella pusilla,,,,,,,,,
Androsace septentrionalis,,,,,,,,,
Primula hirsuta,,,,,,,,,
Primula glaucescens,,,,,,,,,
Anagallis tenella,,,,,,,,,
Cyclamen purpurascens,,,,,,,,,
Lysimachia europaea,,,,,,,,,
Primula vulgaris,,,,,,,,,
Primula auricula,,,,,,,,,
Lysimachia maritima,,,,,,,,,
Anagallis arvensisfoemina,,,,,,,,,
Primula farinosa,,,,,,,,,
Primula elatior,,,,,,,,,
Anagallis arvensis,,,,,,,,,
Primula veris,,,,,,,,,
Hottonia palustris,,,,,,,,,
Samolus valerandi,,,,,,,,,
Lysimachia nummularia,,,,,,,,,
Lysimachia vulgaris,,,,,,,,,
Embothrium coccineum,,,,,,,,,
Banksia integrifolia,,,,,,,,,
Hakea leucoptera,,,,,,,,,
Dryandra sessilis,,,,,,,,,
Hakea preissii,,,,,,,,,
Roupala montana,,,,,,,,,
Hakea francisiana,,,,,,,,,
Banksia marginata,,,,,,,,,
Banksia aemula,,,,,,,,,
Leucadendron salignum,,,,,,,,,
Hakea cygna,,,,,,,,,
Protea laurifolia,,,,,,,,,
Leucadendron laureolum,,,,,,,,,
Hakea teretifolia,,,,,,,,,
Hakea subsulcata,,,,,,,,,
Hakea dactyloides,,,,,,,,,
Protea repens,,,,,,,,,
Drypetes standleyi,,,,,,,,,
Thalictrum alpinum,,,,,,,,,
Beckwithia glacialis,,,,,,,,,
Ficaria verna,,,,,,,,,
Hepatica nobilis,,,,,,,,,
Ranunculus gramineus,,,,,,,,,
Anemone montana,,,,,,,,,
Anemone ranunculoides,,,,,,,,,
Aquilegia einseleana,,,,,,,,,
Ranunculus aquatilis,,,,,,,,,
Anemone pulsatilla,,,,,,,,,
Ranunculus thora,,,,,,,,,
Anemone nemorosa,,,,,,,,,
Ranunculus repens,,,,,,,,,
Ranunculus bulbosus,,,,,,,,,
Ranunculus trichophyllus,,,,,,,,,
Helleborus niger,,,,,,,,,
Anemone alpina,,,,,,,,,
Caltha palustris,,,,,,,,,
Ranunculus aconitifolius,,,,,,,,,
Consolida regalis,,,,,,,,,
Anemone quinquefolia,,,,,,,,,
Ranunculus oreophilus,,,,,,,,,
Ranunculus fluitans,,,,,,,,,
Trollius europaeus,,,,,,,,,
Ranunculus acris,,,,,,,,,
Ranunculus arvensis,,,,,,,,,
Ranunculus sceleratus,,,,,,,,,
Helleborus foetidus,,,,,,,,,
Anemone canadensis,,,,,,,,,
Aquilegia atrata,,,,,,,,,
Actaea spicata,,,,,,,,,
Thalictrum dioicum,,,,,,,,,
Thalictrum minus,,,,,,,,,
Aquilegia vulgaris,,,,,,,,,
Delphinium grandiflorum,,,,,,,,,
Thalictrum dasycarpum,,,,,,,,,
Thalictrum fendleri,,,,,,,,,
Ranunculus platanifolius,,,,,,,,,
Ranunculus penicillatus,,,,,,,,,
Reseda phyteuma,,,,,,,,,
Ziziphus mistol,,,,,,,,,
Rhamnus crocea,,,,,,,,,
Rhamnus cathartica,,,,,,,,,
Frangula alnus,,,,,,,,,
Ziziphus mucronata,,,,,,,,,
Ziziphus jujuba,,,,,,,,,
Ceanothus fendleri,,,,,,,,,
Rhamnus lycioides,,,,,,,,,
Condalia microphylla,,,,,,,,,
Rhamnus alaternus,,,,,,,,,
Frangula californica,,,,,,,,,
Condalia montana,,,,,,,,,
Ceanothus crassifolius,,,,,,,,,
Ceanothus cuneatus,,,,,,,,,
Ceanothus oliganthus,,,,,,,,,
Ceanothus spinosus,,,,,,,,,
Cassipourea guianensis,,,,,,,,,
Rhizophora mangle,,,,,,,,,
Pellacalyx axillaris,,,,,,,,,
Ceriops tagal,,,,,,,,,
Polylepis australis,,,,,,,,,
Prunus armeniaca,,,,,,,,,
Eriobotrya japonica,,,,,,,,,
Prunus cerasifera,,,,,,,,,
Prunus persica,,,,,,,,,
Prunus cerasoides,,,,,,,,,
Prunus padus,,,,,,,,,
Sorbus torminalis,,,,,,,,,
Prunus serotina,,,,,,,,,
Sorbus aucuparia,,,,,,,,,
Prunus avium,,,,,,,,,
Oemleria cerasiformis,,,,,,,,,
Prunus spinosa,,,,,,,,,
Crataegus monogyna,,,,,,,,,
Amelanchier utahensis,,,,,,,,,
Prunus mahaleb,,,,,,,,,
Heteromeles arbutifolia,,,,,,,,,
Prunus ilicifolia,,,,,,,,,
Malus sylvestris,,,,,,,,,
Sorbus aria,,,,,,,,,
Prunus lusitanica,,,,,,,,,
Prunus pensylvanica,,,,,,,,,
Rubus saxatilis,,,,,,,,,
Rubus caesius,,,,,,,,,
Rosa spithamea,,,,,,,,,
Rosa woodsii,,,,,,,,,
Rubus ursinus,,,,,,,,,
Rubus parviflorus,,,,,,,,,
Rosa californica,,,,,,,,,
Holodiscus discolor,,,,,,,,,
Cotoneaster franchetii,,,,,,,,,
Adenostoma fasciculatum,,,,,,,,,
Pyracantha angustifolia,,,,,,,,,
Cercocarpus montanusglaber,,,,,,,,,
Rubus chamaemorus,,,,,,,,,
Potentilla subviscosa,,,,,,,,,
Sibbaldia procumbens,,,,,,,,,
Alchemilla pinnata,,,,,,,,,
Potentilla neumanniana,,,,,,,,,
Potentilla crinita,,,,,,,,,
Geum reptans,,,,,,,,,
Potentilla hippiana,,,,,,,,,
Fragaria viridis,,,,,,,,,
Potentilla aurea,,,,,,,,,
Potentilla crantzii,,,,,,,,,
Fragaria virginiana,,,,,,,,,
Aphanes arvensis,,,,,,,,,
Fragaria vesca,,,,,,,,,
Potentilla reptans,,,,,,,,,
Potentilla alba,,,,,,,,,
Geum montanum,,,,,,,,,
Duchesnea indica,,,,,,,,,
Alchemilla monticola,,,,,,,,,
Alchemilla glaucescens,,,,,,,,,
Potentilla anserina,,,,,,,,,
Potentilla erecta,,,,,,,,,
Sanguisorba minor,,,,,,,,,
Alchemilla xanthochlora,,,,,,,,,
Comarum palustre,,,,,,,,,
Filipendula vulgaris,,,,,,,,,
Geum urbanum,,,,,,,,,
Geum rivale,,,,,,,,,
Agrimonia eupatoria,,,,,,,,,
Potentilla norvegica,,,,,,,,,
Sanguisorba officinalis,,,,,,,,,
Geum canadense,,,,,,,,,
Filipendula ulmaria,,,,,,,,,
Aruncus dioicus,,,,,,,,,
Rubus fruticosus,,,,,,,,,
Pentagonia macrophylla,,,,,,,,,
Coutarea hexandra,,,,,,,,,
Psychotria grandis,,,,,,,,,
Alibertia edulis,,,,,,,,,
Faramea occidentalis,,,,,,,,,
Randia armata,,,,,,,,,
Posoqueria latifolia,,,,,,,,,
Pittoniotis trichantha,,,,,,,,,
Amaioua corymbosa,,,,,,,,,
Coussarea curvigemma,,,,,,,,,
Tocoyena pittieri,,,,,,,,,
Genipa americana,,,,,,,,,
Macrocnemum roseum,,,,,,,,,
Alseis blackiana,,,,,,,,,
Psychotria marginata,,,,,,,,,
Coffea arabica,,,,,,,,,
Hamelia patens,,,,,,,,,
Palicourea tetragona,,,,,,,,,
Diplospora dubia,,,,,,,,,
Psychotria carthagenensis,,,,,,,,,
Psychotria horizontalis,,,,,,,,,
Psychotria racemosa,,,,,,,,,
Psychotria limonensis,,,,,,,,,
Psychotria cuspidata,,,,,,,,,
Psychotria deflexa,,,,,,,,,
Psychotria chagrensis,,,,,,,,,
Hamelia axillaris,,,,,,,,,
Urophyllum griffithianum,,,,,,,,,
Palicourea guianensis,,,,,,,,,
Stenaria nigricans,,,,,,,,,
Houstonia wrightii,,,,,,,,,
Galium saxatile,,,,,,,,,
Galium lucidum subsp. corrudifolium,,,,,,,,,
Asperula cynanchica,,,,,,,,,
Cruciata glabra,,,,,,,,,
Asperula aristata,,,,,,,,,
Asperula purpurea,,,,,,,,,
Galium odoratum,,,,,,,,,
Galium uliginosum,,,,,,,,,
Galium verum,,,,,,,,,
Galium mollugo,,,,,,,,,
Galium lucidum,,,,,,,,,
Galium boreale,,,,,,,,,
Cruciata laevipes,,,,,,,,,
Galium sylvaticum,,,,,,,,,
Galium aparine,,,,,,,,,
Geijera parviflora,,,,,,,,,
Fagara coco,,,,,,,,,
Acronychia pedunculata,,,,,,,,,
Zanthoxylum juniperinum,,,,,,,,,
Zanthoxylum panamense,,,,,,,,,
Zanthoxylum ekmanii,,,,,,,,,
Clausena anisata,,,,,,,,,
Murraya paniculata,,,,,,,,,
Dictamnus albus,,,,,,,,,
Laetia corymbulosa,,,,,,,,,
Casearia guianensis,,,,,,,,,
Salix babylonica,,,,,,,,,
Casearia aculeata,,,,,,,,,
Casearia commersoniana,,,,,,,,,
Casearia javitensis,,,,,,,,,
Laetia thamnia,,,,,,,,,
Lunania parviflora,,,,,,,,,
Populus grandidentata,,,,,,,,,
Populus tremuloides,,,,,,,,,
Populus tremuladavidiana,,,,,,,,,
Salix alba,,,,,,,,,
Hasseltia floribunda,,,,,,,,,
Populus tremula,,,,,,,,,
Populus balsamifera,,,,,,,,,
Casearia arborea,,,,,,,,,
Casearia decandra,,,,,,,,,
Lunania mexicana,,,,,,,,,
Zuelania guidonia,,,,,,,,,
Pleuranthodendron lindenii,,,,,,,,,
Populus nigra,,,,,,,,,
Tetrathylacium johansenii,,,,,,,,,
Populus alba,,,,,,,,,
Salix nigra,,,,,,,,,
Laetia procera,,,,,,,,,
Populus deltoides,,,,,,,,,
Salix purpurea,,,,,,,,,
Salix caprea,,,,,,,,,
Scolopia zeyheri,,,,,,,,,
Salix lasiolepis,,,,,,,,,
Casearia sylvestris,,,,,,,,,
Salix lucida,,,,,,,,,
Salix repens,,,,,,,,,
Salix cinerea,,,,,,,,,
Salix triandra,,,,,,,,,
Santalum acuminatum,,,,,,,,,
Thesium bavarum,,,,,,,,,
Schleichera oleosa,,,,,,,,,
Acer monspessulanum,,,,,,,,,
Talisia nervosa,,,,,,,,,
Pappea capensis,,,,,,,,,
Allophylus amazonicus,,,,,,,,,
Talisia princeps,,,,,,,,,
Acer campestre,,,,,,,,,
Acer pensylvanicum,,,,,,,,,
Sapindus saponaria,,,,,,,,,
Acer rubrum,,,,,,,,,
Allophylus camptostachys,,,,,,,,,
Aesculus hippocastanum,,,,,,,,,
Cupania cinerea,,,,,,,,,
Cupania rufescens,,,,,,,,,
Acer pictum,,,,,,,,,
Allophylus psilospermus,,,,,,,,,
Cupania seemannii,,,,,,,,,
Cupania latifolia,,,,,,,,,
Sapindus mukorossi,,,,,,,,,
Acer platanoides,,,,,,,,,
Acer macrophyllum,,,,,,,,,
Allophylus cobbe,,,,,,,,,
Acer pseudoplatanus,,,,,,,,,
Acer saccharum,,,,,,,,,
Acer saccharinum,,,,,,,,,
Dodonaea viscosa,,,,,,,,,
Aesculus californica,,,,,,,,,
Cupania scrobiculata,,,,,,,,,
Acer buergerianum,,,,,,,,,
Sideroxylon inerme,,,,,,,,,
Pouteria campechiana,,,,,,,,,
Pouteria durlandii,,,,,,,,,
Chrysophyllum argenteum,,,,,,,,,
Ecclinusa ramiflora,,,,,,,,,
Pouteria glomerata,,,,,,,,,
Chrysophyllum gonocarpum,,,,,,,,,
Pouteria cladantha,,,,,,,,,
Pradosia cochlearia,,,,,,,,,
Pouteria reticulata,,,,,,,,,
Pouteria macrophylla,,,,,,,,,
Pouteria laevigata,,,,,,,,,
Pouteria cuspidata,,,,,,,,,
Chrysophyllum cainito,,,,,,,,,
Manilkara bidentata,,,,,,,,,
Pouteria guianensis,,,,,,,,,
Micropholis venulosa,,,,,,,,,
Pouteria ephedrantha,,,,,,,,,
Sarracenia purpurea,,,,,,,,,
Saxifraga aizoides,,,,,,,,,
Chrysosplenium oppositifolium,,,,,,,,,
Saxifraga oppositifolia,,,,,,,,,
Chrysosplenium alternifolium,,,,,,,,,
Saxifraga rotundifolia,,,,,,,,,
Astilbe rubra,,,,,,,,,
Eremophila longifolia,,,,,,,,,
Eremophila mitchellii,,,,,,,,,
Scrophularia nodosa,,,,,,,,,
Verbascum thapsus,,,,,,,,,
Verbascum lychnitis,,,,,,,,,
Quassia amara,,,,,,,,,
Simarouba amara,,,,,,,,,
Solanum hayesii,,,,,,,,,
Cestrum schlechtendahlii,,,,,,,,,
Lycium andersonii,,,,,,,,,
Solanum umbelliferum,,,,,,,,,
Hyoscyamus niger,,,,,,,,,
Solanum tuberosum,,,,,,,,,
Datura stramonium,,,,,,,,,
Atropa belladonna,,,,,,,,,
Solanum dulcamara,,,,,,,,,
Turpinia occidentalis,,,,,,,,,
Symplocos sumuntia,,,,,,,,,
Taxus baccata,,,,,,,,,
Schima wallichii,,,,,,,,,
Dirca occidentalis,,,,,,,,,
Tofieldia pusilla,,,,,,,,,
Sparganium angustifolium,,,,,,,,,
Sparganium emersum,,,,,,,,,
Sparganium erectum,,,,,,,,,
Typha latifolia,,,,,,,,,
Typha angustifolia,,,,,,,,,
Ulmus pumila,,,,,,,,,
Ulmus parvifolia,,,,,,,,,
Ulmus minor,,,,,,,,,
Ulmus rubra,,,,,,,,,
Ulmus laevis,,,,,,,,,
Zelkova serrata,,,,,,,,,
Ulmus glabra,,,,,,,,,
Ulmus americana,,,,,,,,,
Musanga cecropioides,,,,,,,,,
Cecropia peltata,,,,,,,,,
Cecropia ficifolia,,,,,,,,,
Cecropia longipes,,,,,,,,,
Pourouma bicolor,,,,,,,,,
Pourouma cecropiifolia,,,,,,,,,
Cecropia obtusifolia,,,,,,,,,
Cecropia obtusa,,,,,,,,,
Cecropia sciadophylla,,,,,,,,,
Cecropia insignis,,,,,,,,,
Urera caracasana,,,,,,,,,
Urera elata,,,,,,,,,
Parietaria judaica,,,,,,,,,
Urtica dioica,,,,,,,,,
Aloysia gratissima,,,,,,,,,
Lantana camara,,,,,,,,,
Verbena bracteata,,,,,,,,,
Verbena stricta,,,,,,,,,
Verbena hastata,,,,,,,,,
Petrea volubilis,,,,,,,,,
Melicytus ramiflorus,,,,,,,,,
Leonia glycycarpa,,,,,,,,,
Orthion oblanceolatum,,,,,,,,,
Hybanthus prunifolius,,,,,,,,,
Viola canadensis,,,,,,,,,
Viola alba,,,,,,,,,
Viola hirta,,,,,,,,,
Viola odorata,,,,,,,,,
Viola biflora,,,,,,,,,
Viola sagittata,,,,,,,,,
Viola arvensis,,,,,,,,,
Viola reichenbachiana,,,,,,,,,
Viola tricolor,,,,,,,,,
Viola canina,,,,,,,,,
Viola riviniana,,,,,,,,,
Viola mirabilis,,,,,,,,,
Viola pubescens,,,,,,,,,
Vochysia ferruginea,,,,,,,,,
Qualea albiflora,,,,,,,,,
Vochysia guatemalensis,,,,,,,,,
Welwitschia mirabilis,,,,,,,,,
Drimys winteri,,,,,,,,,
Larrea cuneifolia,,,,,,,,,
Larrea tridentata,,,,,,,,,
Larrea divaricata,,,,,,,,,
Tribulus terrestris,,,,,,,,,
Zygophyllum fabago,,,,,,,,,